"filename", "language", "YAML", "Java", "comment", "blank", "total"
"d:\code_course\bookstore-backend\src\main\java\com\web\bookstorebackend\BookstoreBackendApplication.java", "Java", 0, 9, 0, 5, 14
"d:\code_course\bookstore-backend\src\main\java\com\web\bookstorebackend\config\AuthConfig.java", "Java", 0, 18, 9, 7, 34
"d:\code_course\bookstore-backend\src\main\java\com\web\bookstorebackend\config\IdentityConfig.java", "Java", 0, 20, 0, 4, 24
"d:\code_course\bookstore-backend\src\main\java\com\web\bookstorebackend\config\WebConfig.java", "Java", 0, 15, 0, 3, 18
"d:\code_course\bookstore-backend\src\main\java\com\web\bookstorebackend\controller\BookController.java", "Java", 0, 91, 0, 15, 106
"d:\code_course\bookstore-backend\src\main\java\com\web\bookstorebackend\controller\CartController.java", "Java", 0, 54, 0, 10, 64
"d:\code_course\bookstore-backend\src\main\java\com\web\bookstorebackend\controller\OrderController.java", "Java", 0, 75, 0, 11, 86
"d:\code_course\bookstore-backend\src\main\java\com\web\bookstorebackend\controller\UserController.java", "Java", 0, 150, 12, 23, 185
"d:\code_course\bookstore-backend\src\main\java\com\web\bookstorebackend\daoImpl\BookDaoImpl.java", "Java", 0, 62, 0, 22, 84
"d:\code_course\bookstore-backend\src\main\java\com\web\bookstorebackend\daoImpl\CartItemDaoImpl.java", "Java", 0, 43, 0, 19, 62
"d:\code_course\bookstore-backend\src\main\java\com\web\bookstorebackend\daoImpl\OrderDaoImpl.java", "Java", 0, 56, 0, 11, 67
"d:\code_course\bookstore-backend\src\main\java\com\web\bookstorebackend\daoImpl\OrderItemDaoImpl.java", "Java", 0, 18, 0, 8, 26
"d:\code_course\bookstore-backend\src\main\java\com\web\bookstorebackend\daoImpl\UserDaoImpl.java", "Java", 0, 65, 0, 17, 82
"d:\code_course\bookstore-backend\src\main\java\com\web\bookstorebackend\dao\BookDao.java", "Java", 0, 16, 0, 11, 27
"d:\code_course\bookstore-backend\src\main\java\com\web\bookstorebackend\dao\CartItemDao.java", "Java", 0, 15, 0, 13, 28
"d:\code_course\bookstore-backend\src\main\java\com\web\bookstorebackend\dao\OrderDao.java", "Java", 0, 19, 0, 11, 30
"d:\code_course\bookstore-backend\src\main\java\com\web\bookstorebackend\dao\OrderItemDao.java", "Java", 0, 7, 0, 8, 15
"d:\code_course\bookstore-backend\src\main\java\com\web\bookstorebackend\dao\UserDao.java", "Java", 0, 19, 0, 15, 34
"d:\code_course\bookstore-backend\src\main\java\com\web\bookstorebackend\dto\AddOrderFromBookDto.java", "Java", 0, 10, 0, 4, 14
"d:\code_course\bookstore-backend\src\main\java\com\web\bookstorebackend\dto\AddOrderFromCartDto.java", "Java", 0, 10, 0, 5, 15
"d:\code_course\bookstore-backend\src\main\java\com\web\bookstorebackend\dto\AddToCartDto.java", "Java", 0, 11, 0, 4, 15
"d:\code_course\bookstore-backend\src\main\java\com\web\bookstorebackend\dto\ChangePasswordDto.java", "Java", 0, 7, 0, 3, 10
"d:\code_course\bookstore-backend\src\main\java\com\web\bookstorebackend\dto\CreateBookDto.java", "Java", 0, 12, 0, 2, 14
"d:\code_course\bookstore-backend\src\main\java\com\web\bookstorebackend\dto\EditBookDto.java", "Java", 0, 11, 0, 3, 14
"d:\code_course\bookstore-backend\src\main\java\com\web\bookstorebackend\dto\EditProfileDto.java", "Java", 0, 10, 0, 3, 13
"d:\code_course\bookstore-backend\src\main\java\com\web\bookstorebackend\dto\GetBooksDto.java", "Java", 0, 13, 0, 5, 18
"d:\code_course\bookstore-backend\src\main\java\com\web\bookstorebackend\dto\GetBuyBookDto.java", "Java", 0, 14, 0, 4, 18
"d:\code_course\bookstore-backend\src\main\java\com\web\bookstorebackend\dto\GetOrdersDto.java", "Java", 0, 14, 0, 5, 19
"d:\code_course\bookstore-backend\src\main\java\com\web\bookstorebackend\dto\GetRankBookDto.java", "Java", 0, 11, 0, 4, 15
"d:\code_course\bookstore-backend\src\main\java\com\web\bookstorebackend\dto\GetRankUserDto.java", "Java", 0, 11, 0, 4, 15
"d:\code_course\bookstore-backend\src\main\java\com\web\bookstorebackend\dto\GetUsersDto.java", "Java", 0, 13, 0, 5, 18
"d:\code_course\bookstore-backend\src\main\java\com\web\bookstorebackend\dto\LoginDto.java", "Java", 0, 7, 0, 3, 10
"d:\code_course\bookstore-backend\src\main\java\com\web\bookstorebackend\dto\RegisterDto.java", "Java", 0, 9, 0, 3, 12
"d:\code_course\bookstore-backend\src\main\java\com\web\bookstorebackend\dto\ResponseDto.java", "Java", 0, 11, 0, 3, 14
"d:\code_course\bookstore-backend\src\main\java\com\web\bookstorebackend\interceptor\AuthHandlerInterceptor.java", "Java", 0, 64, 5, 16, 85
"d:\code_course\bookstore-backend\src\main\java\com\web\bookstorebackend\interceptor\IdentityInterceptor.java", "Java", 0, 33, 0, 7, 40
"d:\code_course\bookstore-backend\src\main\java\com\web\bookstorebackend\interceptor\SessionInterceptor.java", "Java", 0, 43, 0, 10, 53
"d:\code_course\bookstore-backend\src\main\java\com\web\bookstorebackend\model\Book.java", "Java", 0, 35, 0, 17, 52
"d:\code_course\bookstore-backend\src\main\java\com\web\bookstorebackend\model\CartItem.java", "Java", 0, 24, 0, 10, 34
"d:\code_course\bookstore-backend\src\main\java\com\web\bookstorebackend\model\Order.java", "Java", 0, 44, 0, 16, 60
"d:\code_course\bookstore-backend\src\main\java\com\web\bookstorebackend\model\OrderItem.java", "Java", 0, 33, 0, 13, 46
"d:\code_course\bookstore-backend\src\main\java\com\web\bookstorebackend\model\User.java", "Java", 0, 48, 2, 20, 70
"d:\code_course\bookstore-backend\src\main\java\com\web\bookstorebackend\model\UserAuth.java", "Java", 0, 17, 0, 8, 25
"d:\code_course\bookstore-backend\src\main\java\com\web\bookstorebackend\repository\BookRepository.java", "Java", 0, 13, 0, 6, 19
"d:\code_course\bookstore-backend\src\main\java\com\web\bookstorebackend\repository\CartItemRepository.java", "Java", 0, 12, 0, 8, 20
"d:\code_course\bookstore-backend\src\main\java\com\web\bookstorebackend\repository\OrderItemRepository.java", "Java", 0, 8, 0, 5, 13
"d:\code_course\bookstore-backend\src\main\java\com\web\bookstorebackend\repository\OrderRepository.java", "Java", 0, 29, 0, 8, 37
"d:\code_course\bookstore-backend\src\main\java\com\web\bookstorebackend\repository\UserAuthRepository.java", "Java", 0, 7, 0, 4, 11
"d:\code_course\bookstore-backend\src\main\java\com\web\bookstorebackend\repository\UserRepository.java", "Java", 0, 11, 0, 9, 20
"d:\code_course\bookstore-backend\src\main\java\com\web\bookstorebackend\serviceImpl\BookServiceImpl.java", "Java", 0, 93, 3, 20, 116
"d:\code_course\bookstore-backend\src\main\java\com\web\bookstorebackend\serviceImpl\CartServiceImpl.java", "Java", 0, 81, 0, 20, 101
"d:\code_course\bookstore-backend\src\main\java\com\web\bookstorebackend\serviceImpl\OrderServiceImpl.java", "Java", 0, 149, 1, 34, 184
"d:\code_course\bookstore-backend\src\main\java\com\web\bookstorebackend\serviceImpl\UserServiceImpl.java", "Java", 0, 117, 17, 26, 160
"d:\code_course\bookstore-backend\src\main\java\com\web\bookstorebackend\service\BookService.java", "Java", 0, 15, 0, 11, 26
"d:\code_course\bookstore-backend\src\main\java\com\web\bookstorebackend\service\CartService.java", "Java", 0, 15, 0, 8, 23
"d:\code_course\bookstore-backend\src\main\java\com\web\bookstorebackend\service\OrderService.java", "Java", 0, 12, 0, 9, 21
"d:\code_course\bookstore-backend\src\main\java\com\web\bookstorebackend\service\UserService.java", "Java", 0, 17, 0, 10, 27
"d:\code_course\bookstore-backend\src\main\java\com\web\bookstorebackend\util\SessionUtils.java", "Java", 0, 38, 0, 5, 43
"d:\code_course\bookstore-backend\src\main\java\com\web\bookstorebackend\util\TokenUtil.java", "Java", 0, 35, 3, 7, 45
"d:\code_course\bookstore-backend\src\main\resources\application.yml", "YAML", 16, 0, 6, 2, 24
"d:\code_course\bookstore-backend\src\test\java\com\web\bookstorebackend\BookstoreBackendApplicationTests.java", "Java", 0, 9, 0, 5, 14
"Total", "-", 16, 1928, 58, 587, 2589